ID,POP,Long,Lat,Country
RSRF_1,RSRF,-53.351,-27.327,BR
RSRF_2,RSRF,-53.351,-27.327,BR
RSRF_3,RSRF,-53.351,-27.327,BR
RSRF_4,RSRF,-53.351,-27.327,BR
RSRF_5,RSRF,-53.351,-27.327,BR
RSRF_6,RSRF,-53.351,-27.327,BR
RSRF_7,RSRF,-53.351,-27.327,BR
RSRF_8,RSRF,-53.351,-27.327,BR
RSRF_9,RSRF,-53.351,-27.327,BR
RSRF_10,RSRF,-53.351,-27.327,BR
RSRF_11,RSRF,-53.351,-27.327,BR
RSRF_12,RSRF,-53.351,-27.327,BR
RSRF_13,RSRF,-53.351,-27.327,BR
RSRF_14,RSRF,-53.351,-27.327,BR
RSRF_15,RSRF,-53.351,-27.327,BR
RSRF_16,RSRF,-53.351,-27.327,BR
RSRF_17,RSRF,-53.351,-27.327,BR
RSRF_18,RSRF,-53.351,-27.327,BR
RSRF_19,RSRF,-53.351,-27.327,BR
RSRF_20,RSRF,-53.351,-27.327,BR
RSRF_21,RSRF,-53.351,-27.327,BR
RSRF_22,RSRF,-53.351,-27.327,BR
RSRF_23,RSRF,-53.351,-27.327,BR
RSRF_24,RSRF,-53.351,-27.327,BR
RSRF_25,RSRF,-53.351,-27.327,BR
RSRF_26,RSRF,-53.351,-27.327,BR
RSRF_27,RSRF,-53.351,-27.327,BR
RSRF_28,RSRF,-53.351,-27.327,BR
RSRF_29,RSRF,-53.351,-27.327,BR
RJRE_30,RJRE,-43.528,-23.047,BR
RJRE_31,RJRE,-43.528,-23.047,BR
RJRE_32,RJRE,-43.528,-23.047,BR
RJRE_33,RJRE,-43.528,-23.047,BR
RJRE_34,RJRE,-43.528,-23.047,BR
RJRE_35,RJRE,-43.528,-23.047,BR
RJRE_36,RJRE,-43.528,-23.047,BR
RJRE_37,RJRE,-43.528,-23.047,BR
RJRE_38,RJRE,-43.528,-23.047,BR
RJRE_39,RJRE,-43.528,-23.047,BR
RJRE_40,RJRE,-43.528,-23.047,BR
RJRE_41,RJRE,-43.528,-23.047,BR
RJRE_42,RJRE,-43.528,-23.047,BR
RJRE_43,RJRE,-43.528,-23.047,BR
RJRE_44,RJRE,-43.528,-23.047,BR
RJRE_45,RJRE,-43.528,-23.047,BR
RJRE_46,RJRE,-43.528,-23.047,BR
RJRE_50,RJRE,-43.528,-23.047,BR
RJRE_51,RJRE,-43.528,-23.047,BR
RJRE_52,RJRE,-43.528,-23.047,BR
RJRE_53,RJRE,-43.528,-23.047,BR
RJRE_54,RJRE,-43.528,-23.047,BR
RJRE_56,RJRE,-43.528,-23.047,BR
RJRE_57,RJRE,-43.528,-23.047,BR
RJRE_58,RJRE,-43.528,-23.047,BR
RJRE_59,RJRE,-43.528,-23.047,BR
RJRE_60,RJRE,-43.528,-23.047,BR
RSPA_61,RSPA,-53.501,-30.513,BR
RSPA_62,RSPA,-53.501,-30.513,BR
RSPA_63,RSPA,-53.501,-30.513,BR
RSPA_64,RSPA,-53.501,-30.513,BR
RSPA_65,RSPA,-53.501,-30.513,BR
RSPA_66,RSPA,-53.501,-30.513,BR
RSPA_67,RSPA,-53.501,-30.513,BR
RSPA_68,RSPA,-53.501,-30.513,BR
RSPA_70,RSPA,-53.501,-30.513,BR
RSPA_71,RSPA,-53.501,-30.513,BR
RSPA_72,RSPA,-53.501,-30.513,BR
RSPA_73,RSPA,-53.501,-30.513,BR
RSPA_74,RSPA,-53.501,-30.513,BR
RSCO_75,RSCO,-50.512,-30.196,BR
RSCO_76,RSCO,-50.512,-30.196,BR
RSCO_77,RSCO,-50.512,-30.196,BR
RSCO_78,RSCO,-50.512,-30.196,BR
RSCO_79,RSCO,-50.512,-30.196,BR
RSCO_80,RSCO,-50.512,-30.196,BR
RSCO_81,RSCO,-50.512,-30.196,BR
RSCO_82,RSCO,-50.512,-30.196,BR
RSCO_83,RSCO,-50.512,-30.196,BR
RSCO_84,RSCO,-50.512,-30.196,BR
RSCO_85,RSCO,-50.512,-30.196,BR
